タイムスタンプ,匿名番号,今日の理解度,今日わかったこと・気づき,今日の学び方,質問・モヤモヤ
2026/08/31 14:46:04,S01,3,武家諸法度で大名を取りしまっていたことがわかった,前に習ったことと結びつけた,
2026/08/31 14:42:09,S02,3,幕府と藩で全国を治めるしくみが幕藩体制だとわかった,前に習ったことと結びつけた,今日の内容は現在の沖縄とつながりがありますか
2026/08/31 14:43:48,S03,4,外様大名が江戸から遠くに置かれた理由がわかった,前に習ったことと結びつけた,
2026/08/31 14:40:51,S04,2,武家諸法度で大名を取りしまっていたことがわかったけど自分で説明はまだできない,ノートに自分でまとめ直した,図で整理するプリントがほしいです
2026/08/31 14:51:17,S05,3,外様大名が江戸から遠くに置かれた理由がわかった,友だちと話して考えた,
2026/08/31 14:44:56,S06,2,幕府と藩で全国を治めるしくみが幕藩体制だとわかった,先生に質問した,
2026/08/31 14:52:42,S07,4,外様大名が江戸から遠くに置かれた理由がわかった,ノートに自分でまとめ直した,
2026/08/31 14:43:11,S08,3,幕府と藩で全国を治めるしくみが幕藩体制だとわかった,ノートに自分でまとめ直した,
2026/08/31 14:46:34,S09,3,江戸幕府の成立と大名統制をやった,どれもしていない,
2026/08/31 14:41:45,S10,4,外様大名が江戸から遠くに置かれた理由がわかった,友だちと話して考えた,
2026/08/31 14:50:28,S11,3,将軍と大名の主従関係が土地のやりとりでできていると知った,友だちと話して考えた,
2026/08/31 14:51:16,S12,4,武家諸法度で大名を取りしまっていたことがわかった,友だちと話して考えた,
2026/08/31 14:50:56,S13,3,武家諸法度で大名を取りしまっていたことがわかった,ノートに自分でまとめ直した,
2026/08/31 14:44:29,S14,4,幕府と藩で全国を治めるしくみが幕藩体制だとわかった,資料集・地図で調べた、友だちと話して考えた,
2026/08/31 14:51:08,S15,4,わかった,どれもしていない,
2026/08/31 14:42:08,S16,4,武家諸法度で大名を取りしまっていたことがわかった,友だちと話して考えた,
2026/08/31 14:42:52,S17,4,外様大名が江戸から遠くに置かれた理由がわかった,ノートに自分でまとめ直した,
2026/08/31 14:44:24,S18,5,武家諸法度で大名を取りしまっていたことがわかった,資料集・地図で調べた,
2026/08/31 14:42:51,S19,3,幕府と藩で全国を治めるしくみが幕藩体制だとわかった,ノートに自分でまとめ直した,
2026/08/31 14:39:25,S20,3,武家諸法度で大名を取りしまっていたことがわかった,資料集・地図で調べた,
2026/08/31 14:49:28,S21,3,幕府と藩で全国を治めるしくみが幕藩体制だとわかった,先生に質問した,
2026/08/31 14:47:49,S22,3,将軍と大名の主従関係が土地のやりとりでできていると知った,ノートに自分でまとめ直した,
2026/08/31 14:47:02,S23,3,何となくわかった,どれもしていない,
2026/08/31 14:40:27,S24,3,外様大名が江戸から遠くに置かれた理由がわかった,資料集・地図で調べた,
2026/08/31 14:51:48,S25,3,外様大名が江戸から遠くに置かれた理由がわかった,友だちと話して考えた,
2026/08/31 14:48:02,S26,3,将軍と大名の主従関係が土地のやりとりでできていると知った,ノートに自分でまとめ直した、前に習ったことと結びつけた,
2026/08/31 14:49:32,S27,1,武家諸法度で大名を取りしまっていたことがわかった,先生に質問した,
2026/08/31 14:38:34,S28,4,幕府と藩で全国を治めるしくみが幕藩体制だとわかった,ノートに自分でまとめ直した,
2026/08/31 14:50:22,S29,4,将軍と大名の主従関係が土地のやりとりでできていると知った,ノートに自分でまとめ直した,
2026/08/31 14:42:54,S30,3,幕府と藩で全国を治めるしくみが幕藩体制だとわかった,資料集・地図で調べた、前に習ったことと結びつけた,
2026/09/01 14:47:45,S01,3,参勤交代は大名にお金を使わせるしくみでもあったとわかった,前に習ったことと結びつけた、ノートに自分でまとめ直した,
2026/09/01 14:51:28,S02,4,参勤交代は大名にお金を使わせるしくみでもあったとわかった,前に習ったことと結びつけた,今日の内容は現在の沖縄とつながりがありますか
2026/09/01 14:52:02,S03,4,参勤交代は大名にお金を使わせるしくみでもあったとわかった,前に習ったことと結びつけた,
2026/09/01 14:40:20,S04,2,参勤交代は大名にお金を使わせるしくみでもあったとわかったけど自分で説明はまだできない,ノートに自分でまとめ直した,図で整理するプリントがほしいです
2026/09/01 14:47:21,S05,4,大名行列にすごくお金がかかることがわかった,ノートに自分でまとめ直した,
2026/09/01 14:44:28,S06,4,参勤交代は大名にお金を使わせるしくみでもあったとわかった,前に習ったことと結びつけた,
2026/09/01 14:45:31,S07,4,参勤交代は大名にお金を使わせるしくみでもあったとわかった,友だちと話して考えた,
2026/09/01 14:44:10,S08,3,街道が発達したのは参勤交代のおかげでもあるとわかった,友だちと話して考えた,
2026/09/01 14:44:35,S09,3,参勤交代のしくみをやった,資料集・地図で調べた,
2026/09/01 14:47:26,S10,2,街道が発達したのは参勤交代のおかげでもあるとわかった,資料集・地図で調べた,
2026/09/01 14:43:23,S11,4,街道が発達したのは参勤交代のおかげでもあるとわかった,友だちと話して考えた,
2026/09/01 14:50:34,S12,4,街道が発達したのは参勤交代のおかげでもあるとわかった,友だちと話して考えた、ノートに自分でまとめ直した,
2026/09/01 14:47:54,S13,5,参勤交代は大名にお金を使わせるしくみでもあったとわかった,前に習ったことと結びつけた,
2026/09/01 14:38:03,S14,3,街道が発達したのは参勤交代のおかげでもあるとわかった,資料集・地図で調べた,とくにありません
2026/09/01 14:45:28,S15,5,わかった,資料集・地図で調べた,
2026/09/01 14:42:31,S16,4,大名行列にすごくお金がかかることがわかった,資料集・地図で調べた,
2026/09/01 14:52:21,S17,4,江戸に妻子を住まわせるのが人質の意味だと知っておどろいた,前に習ったことと結びつけた,
2026/09/01 14:39:16,S18,4,参勤交代は大名にお金を使わせるしくみでもあったとわかった,資料集・地図で調べた,
2026/09/01 14:49:26,S19,4,参勤交代は大名にお金を使わせるしくみでもあったとわかった。発表があると思うときんちょうする,ノートに自分でまとめ直した,
2026/09/01 14:49:14,S20,2,街道が発達したのは参勤交代のおかげでもあるとわかった,ノートに自分でまとめ直した,
2026/09/01 14:48:53,S21,4,参勤交代は大名にお金を使わせるしくみでもあったとわかった,資料集・地図で調べた,
2026/09/01 14:52:29,S22,4,参勤交代は大名にお金を使わせるしくみでもあったとわかった,ノートに自分でまとめ直した,
2026/09/01 14:52:44,S23,3,ノートは写した,資料集・地図で調べた,
2026/09/01 14:49:24,S24,3,参勤交代は大名にお金を使わせるしくみでもあったとわかった,友だちと話して考えた,
2026/09/01 14:48:41,S25,3,街道が発達したのは参勤交代のおかげでもあるとわかった,ノートに自分でまとめ直した,
2026/09/01 14:49:35,S26,3,街道が発達したのは参勤交代のおかげでもあるとわかった。表にまとめ直した,ノートに自分でまとめ直した、前に習ったことと結びつけた,
2026/09/01 14:46:05,S27,3,街道が発達したのは参勤交代のおかげでもあるとわかった,資料集・地図で調べた,
2026/09/01 14:44:41,S28,3,街道が発達したのは参勤交代のおかげでもあるとわかった,友だちと話して考えた,
2026/09/01 14:52:05,S29,5,街道が発達したのは参勤交代のおかげでもあるとわかった,先生に質問した,
2026/09/01 14:50:37,S30,3,大名行列にすごくお金がかかることがわかった,前に習ったことと結びつけた、ノートに自分でまとめ直した,
2026/09/02 14:44:00,S01,3,五人組でおたがいを見張らせるしくみがこわいと思った,資料集・地図で調べた,
2026/09/02 14:40:45,S02,4,身分ごとに住む場所や仕事が決められていたことがわかった,資料集・地図で調べた,今日の内容は現在の沖縄とつながりがありますか
2026/09/02 14:45:55,S03,4,身分ごとに住む場所や仕事が決められていたことがわかった,前に習ったことと結びつけた,
2026/09/02 14:42:04,S04,2,身分制度が年貢を確実に集めるためにあったとわかったけど自分で説明はまだできない,ノートに自分でまとめ直した,とくにありません
2026/09/02 14:50:37,S05,4,百姓が人口の大部分だったことがわかった,資料集・地図で調べた,
2026/09/02 14:44:51,S06,3,五人組でおたがいを見張らせるしくみがこわいと思った,ノートに自分でまとめ直した、資料集・地図で調べた,
2026/09/02 14:50:23,S07,4,五人組でおたがいを見張らせるしくみがこわいと思った,ノートに自分でまとめ直した,
2026/09/02 14:47:48,S08,3,身分制度が年貢を確実に集めるためにあったとわかった,資料集・地図で調べた,
2026/09/02 14:42:22,S09,3,身分制度と人々の暮らしをやった,どれもしていない,
2026/09/02 14:40:44,S10,3,身分ごとに住む場所や仕事が決められていたことがわかった,先生に質問した,とくにありません
2026/09/02 14:49:45,S11,4,五人組でおたがいを見張らせるしくみがこわいと思った,友だちと話して考えた,
2026/09/02 14:47:32,S12,4,身分ごとに住む場所や仕事が決められていたことがわかった,先生に質問した,
2026/09/02 14:40:01,S13,3,百姓が人口の大部分だったことがわかった,友だちと話して考えた,
2026/09/02 14:51:28,S14,4,身分ごとに住む場所や仕事が決められていたことがわかった,ノートに自分でまとめ直した,
2026/09/02 14:52:21,S15,4,かんたんだった,どれもしていない,
2026/09/02 14:40:59,S16,3,百姓が人口の大部分だったことがわかった,先生に質問した,
2026/09/02 14:44:33,S17,2,身分ごとに住む場所や仕事が決められていたことがわかった,ノートに自分でまとめ直した,
2026/09/02 14:40:07,S18,4,身分制度が年貢を確実に集めるためにあったとわかった,前に習ったことと結びつけた,
2026/09/02 14:41:08,S19,3,百姓が人口の大部分だったことがわかった,ノートに自分でまとめ直した,
2026/09/02 14:40:18,S20,2,身分ごとに住む場所や仕事が決められていたことがわかった,資料集・地図で調べた,
2026/09/02 14:41:18,S21,3,五人組でおたがいを見張らせるしくみがこわいと思った,先生に質問した,
2026/09/02 14:44:25,S22,1,身分ごとに住む場所や仕事が決められていたことがわかった,友だちと話して考えた,とくにありません
2026/09/02 14:38:26,S23,3,ノートは写した,資料集・地図で調べた,
2026/09/02 14:51:52,S24,2,身分制度が年貢を確実に集めるためにあったとわかった,ノートに自分でまとめ直した,
2026/09/02 14:41:54,S25,3,身分ごとに住む場所や仕事が決められていたことがわかった,友だちと話して考えた、前に習ったことと結びつけた,
2026/09/02 14:43:46,S26,3,身分ごとに住む場所や仕事が決められていたことがわかった。表にまとめ直した,ノートに自分でまとめ直した、前に習ったことと結びつけた,
2026/09/02 14:42:21,S27,3,百姓が人口の大部分だったことがわかった,前に習ったことと結びつけた,とくにありません
2026/09/02 14:50:19,S28,2,五人組でおたがいを見張らせるしくみがこわいと思った,資料集・地図で調べた,
2026/09/02 14:39:20,S29,3,百姓が人口の大部分だったことがわかった,友だちと話して考えた,
2026/09/02 14:48:18,S30,4,身分ごとに住む場所や仕事が決められていたことがわかった,友だちと話して考えた、ノートに自分でまとめ直した,
2026/09/03 14:51:25,S01,3,キリスト教を禁止した理由が幕府の支配とつながっているとわかった,友だちと話して考えた、資料集・地図で調べた,
2026/09/03 14:39:13,S02,3,キリスト教を禁止した理由が幕府の支配とつながっているとわかった,資料集・地図で調べた,今日の内容は現在の沖縄とつながりがありますか
2026/09/03 14:47:13,S03,4,貿易の利益を幕府が独占したかったのだとわかった,前に習ったことと結びつけた,
2026/09/03 14:46:27,S04,2,禁教と貿易統制のどっちが先か混ざる,ノートに自分でまとめ直した,図で整理するプリントがほしいです
2026/09/03 14:52:51,S05,2,島原・天草一揆のあとに鎖国が強まったとわかった,ノートに自分でまとめ直した,
2026/09/03 14:40:29,S06,2,貿易の利益を幕府が独占したかったのだとわかった,先生に質問した,とくにありません
2026/09/03 14:50:41,S07,4,キリスト教を禁止した理由が幕府の支配とつながっているとわかった,友だちと話して考えた,
2026/09/03 14:44:28,S08,2,島原・天草一揆のあとに鎖国が強まったとわかった,先生に質問した,
2026/09/03 14:51:10,S09,3,禁教と貿易統制をやった,資料集・地図で調べた,
2026/09/03 14:49:12,S10,4,絵踏でキリシタンを見つけようとしたことを知った,友だちと話して考えた,
2026/09/03 14:51:44,S11,3,キリスト教を禁止した理由が幕府の支配とつながっているとわかった,友だちと話して考えた,
2026/09/03 14:49:31,S12,4,貿易の利益を幕府が独占したかったのだとわかった,先生に質問した,
2026/09/03 14:45:58,S13,4,キリスト教を禁止した理由が幕府の支配とつながっているとわかった,資料集・地図で調べた,
2026/09/03 14:50:32,S14,3,絵踏でキリシタンを見つけようとしたことを知った,前に習ったことと結びつけた,
2026/09/03 14:49:43,S15,5,特にむずかしくなかった,資料集・地図で調べた,
2026/09/03 14:38:49,S16,2,キリスト教を禁止した理由が幕府の支配とつながっているとわかった,先生に質問した,
2026/09/03 14:39:10,S17,3,島原・天草一揆のあとに鎖国が強まったとわかった,資料集・地図で調べた,
2026/09/03 14:41:16,S18,1,キリスト教を禁止した理由が幕府の支配とつながっているとわかった,前に習ったことと結びつけた,
2026/09/03 14:49:28,S19,3,貿易の利益を幕府が独占したかったのだとわかった,ノートに自分でまとめ直した,
2026/09/03 14:38:28,S20,2,貿易の利益を幕府が独占したかったのだとわかった,先生に質問した,
2026/09/03 14:41:57,S21,3,キリスト教を禁止した理由が幕府の支配とつながっているとわかった,友だちと話して考えた,
2026/09/03 14:42:25,S22,3,貿易の利益を幕府が独占したかったのだとわかった,先生に質問した、友だちと話して考えた,
2026/09/03 14:40:53,S23,2,教科書を読んだ,どれもしていない,
2026/09/03 14:38:25,S24,2,貿易の利益を幕府が独占したかったのだとわかった,前に習ったことと結びつけた,
2026/09/03 14:41:40,S25,2,貿易の利益を幕府が独占したかったのだとわかった,ノートに自分でまとめ直した,
2026/09/03 14:51:59,S26,3,絵踏でキリシタンを見つけようとしたことを知った,ノートに自分でまとめ直した、前に習ったことと結びつけた,
2026/09/03 14:48:07,S27,4,貿易の利益を幕府が独占したかったのだとわかった,資料集・地図で調べた,
2026/09/03 14:49:34,S28,3,島原・天草一揆のあとに鎖国が強まったとわかった,資料集・地図で調べた,
2026/09/03 14:41:47,S29,2,キリスト教を禁止した理由が幕府の支配とつながっているとわかった,前に習ったことと結びつけた,
2026/09/03 14:45:54,S30,2,貿易の利益を幕府が独占したかったのだとわかった,ノートに自分でまとめ直した,
2026/09/04 14:40:14,S01,2,長崎の出島でオランダと貿易していたとわかった,資料集・地図で調べた,
2026/09/04 14:47:59,S02,3,長崎の出島でオランダと貿易していたとわかった,前に習ったことと結びつけた,参勤交代のお金はだれが計算していたんですか
2026/09/04 14:43:59,S03,4,琉球王国が薩摩藩と中国の両方とつながっていたことが印象に残った,前に習ったことと結びつけた,
2026/09/04 14:41:52,S04,2,鎖国といっても四つの窓口が開いていたことにおどろいた,ノートに自分でまとめ直した,図で整理するプリントがほしいです
2026/09/04 14:42:24,S05,4,対馬藩が朝鮮との窓口だったと知った,前に習ったことと結びつけた、資料集・地図で調べた,
2026/09/04 14:46:17,S06,3,長崎の出島でオランダと貿易していたとわかった,先生に質問した,
2026/09/04 14:40:32,S07,4,長崎の出島でオランダと貿易していたとわかった,ノートに自分でまとめ直した,
2026/09/04 14:42:26,S08,2,琉球王国が薩摩藩と中国の両方とつながっていたことが印象に残った,前に習ったことと結びつけた、資料集・地図で調べた,
2026/09/04 14:48:51,S09,3,鎖国下の四つの窓口をやった,資料集・地図で調べた,
2026/09/04 14:52:27,S10,3,対馬藩が朝鮮との窓口だったと知った,先生に質問した,
2026/09/04 14:47:01,S11,4,鎖国といっても四つの窓口が開いていたことにおどろいた,友だちと話して考えた,
2026/09/04 14:48:26,S12,2,鎖国といっても四つの窓口が開いていたことにおどろいた,ノートに自分でまとめ直した,
2026/09/04 14:50:00,S13,4,対馬藩が朝鮮との窓口だったと知った,先生に質問した,
2026/09/04 14:50:14,S14,1,鎖国といっても四つの窓口が開いていたことにおどろいた,友だちと話して考えた,
2026/09/04 14:39:03,S15,4,かんたんだった,資料集・地図で調べた,
2026/09/04 14:41:59,S16,4,琉球王国が薩摩藩と中国の両方とつながっていたことが印象に残った,前に習ったことと結びつけた,
2026/09/04 14:38:55,S17,4,鎖国といっても四つの窓口が開いていたことにおどろいた,先生に質問した,
2026/09/04 14:38:40,S18,3,鎖国といっても四つの窓口が開いていたことにおどろいた,前に習ったことと結びつけた,とくにありません
2026/09/04 14:52:08,S19,3,長崎の出島でオランダと貿易していたとわかった,友だちと話して考えた,
2026/09/04 14:49:11,S20,3,対馬藩が朝鮮との窓口だったと知った,資料集・地図で調べた,
2026/09/04 14:52:39,S21,2,長崎の出島でオランダと貿易していたとわかった,資料集・地図で調べた,
2026/09/04 14:49:11,S22,3,長崎の出島でオランダと貿易していたとわかった,友だちと話して考えた、ノートに自分でまとめ直した,
2026/09/04 14:43:23,S23,2,何となくわかった,資料集・地図で調べた,
2026/09/04 14:48:16,S24,3,対馬藩が朝鮮との窓口だったと知った,ノートに自分でまとめ直した,
2026/09/04 14:49:04,S25,2,長崎の出島でオランダと貿易していたとわかった,先生に質問した,
2026/09/04 14:51:14,S26,3,長崎の出島でオランダと貿易していたとわかった,ノートに自分でまとめ直した、前に習ったことと結びつけた,
2026/09/04 14:48:23,S27,4,対馬藩が朝鮮との窓口だったと知った,友だちと話して考えた,とくにありません
2026/09/04 14:44:48,S28,4,対馬藩が朝鮮との窓口だったと知った,先生に質問した,
2026/09/04 14:38:21,S29,3,鎖国といっても四つの窓口が開いていたことにおどろいた,先生に質問した,
2026/09/04 14:51:30,S30,4,琉球王国が薩摩藩と中国の両方とつながっていたことが印象に残った,友だちと話して考えた,とくにありません
2026/09/07 14:43:23,S01,4,新田開発で耕地が倍近くに増えたことがわかった,前に習ったことと結びつけた,
2026/09/07 14:52:34,S02,3,備中ぐわや千歯こきで農作業が楽になったとわかった,資料集・地図で調べた,五人組は本当に密告したんですか
2026/09/07 14:49:23,S03,4,備中ぐわや千歯こきで農作業が楽になったとわかった,前に習ったことと結びつけた,
2026/09/07 14:51:31,S04,2,肥料を買うようになって農村にもお金が入りこんだとわかったけど自分で説明はまだできない,ノートに自分でまとめ直した,図で整理するプリントがほしいです
2026/09/07 14:47:55,S05,2,新田開発で耕地が倍近くに増えたことがわかった,資料集・地図で調べた,
2026/09/07 14:50:27,S06,3,備中ぐわや千歯こきで農作業が楽になったとわかった,友だちと話して考えた,とくにありません
2026/09/07 14:52:23,S07,4,新田開発で耕地が倍近くに増えたことがわかった,友だちと話して考えた,
2026/09/07 14:52:35,S08,3,新田開発で耕地が倍近くに増えたことがわかった,前に習ったことと結びつけた,
2026/09/07 14:41:01,S09,3,農業の発達と新田開発をやった,どれもしていない,
2026/09/07 14:48:55,S10,3,肥料を買うようになって農村にもお金が入りこんだとわかった,ノートに自分でまとめ直した,
2026/09/07 14:39:29,S11,3,備中ぐわや千歯こきで農作業が楽になったとわかった,友だちと話して考えた,
2026/09/07 14:47:59,S12,3,備中ぐわや千歯こきで農作業が楽になったとわかった,ノートに自分でまとめ直した,
2026/09/07 14:51:18,S13,2,新田開発で耕地が倍近くに増えたことがわかった,前に習ったことと結びつけた、ノートに自分でまとめ直した,
2026/09/07 14:48:33,S14,4,備中ぐわや千歯こきで農作業が楽になったとわかった,資料集・地図で調べた、前に習ったことと結びつけた,
2026/09/07 14:49:14,S15,4,ふつうにわかった,資料集・地図で調べた,
2026/09/07 14:52:20,S16,4,備中ぐわや千歯こきで農作業が楽になったとわかった,資料集・地図で調べた,
2026/09/07 14:51:51,S17,5,新田開発で耕地が倍近くに増えたことがわかった,前に習ったことと結びつけた,
2026/09/07 14:39:00,S18,3,商品作物を売ってお金を得る農家が出てきたとわかった,資料集・地図で調べた,
2026/09/07 14:52:18,S19,3,備中ぐわや千歯こきで農作業が楽になったとわかった,ノートに自分でまとめ直した,
2026/09/07 14:46:55,S20,2,新田開発で耕地が倍近くに増えたことがわかった,友だちと話して考えた,
2026/09/07 14:41:18,S21,3,肥料を買うようになって農村にもお金が入りこんだとわかった,友だちと話して考えた,
2026/09/07 14:46:40,S22,2,肥料を買うようになって農村にもお金が入りこんだとわかった,友だちと話して考えた,
2026/09/07 14:39:10,S23,2,教科書を読んだ,資料集・地図で調べた,
2026/09/07 14:41:10,S24,2,商品作物を売ってお金を得る農家が出てきたとわかった,先生に質問した,
2026/09/07 14:40:21,S25,4,備中ぐわや千歯こきで農作業が楽になったとわかった,先生に質問した,
2026/09/07 14:40:37,S26,3,肥料を買うようになって農村にもお金が入りこんだとわかった,ノートに自分でまとめ直した、前に習ったことと結びつけた,
2026/09/07 14:40:08,S27,4,新田開発で耕地が倍近くに増えたことがわかった,前に習ったことと結びつけた,
2026/09/07 14:47:08,S28,3,備中ぐわや千歯こきで農作業が楽になったとわかった,前に習ったことと結びつけた,とくにありません
2026/09/07 14:39:45,S29,4,新田開発で耕地が倍近くに増えたことがわかった,前に習ったことと結びつけた,
2026/09/07 14:48:12,S30,4,備中ぐわや千歯こきで農作業が楽になったとわかった,ノートに自分でまとめ直した,
2026/09/08 14:44:37,S01,2,五街道が江戸を中心に整備されたことがわかった,資料集・地図で調べた,
2026/09/08 14:51:57,S02,4,三都(江戸・大阪・京都)の役割のちがいがわかった,資料集・地図で調べた,出島には日本人は入れたんですか
2026/09/08 14:39:04,S03,4,菱垣廻船や樽廻船で物が海路で運ばれたと知った,前に習ったことと結びつけた,
2026/09/08 14:48:52,S04,3,大阪が天下の台所と呼ばれた理由がわかったけど自分で説明はまだできない,ノートに自分でまとめ直した,
2026/09/08 14:42:58,S05,4,菱垣廻船や樽廻船で物が海路で運ばれたと知った,ノートに自分でまとめ直した,とくにありません
2026/09/08 14:45:05,S06,2,大阪が天下の台所と呼ばれた理由がわかった,先生に質問した、ノートに自分でまとめ直した,
2026/09/08 14:51:25,S07,4,大阪が天下の台所と呼ばれた理由がわかった,ノートに自分でまとめ直した,
2026/09/08 14:44:23,S08,4,大阪が天下の台所と呼ばれた理由がわかった,先生に質問した,
2026/09/08 14:42:51,S09,3,都市と交通の発達をやった,どれもしていない,
2026/09/08 14:47:28,S10,4,三都(江戸・大阪・京都)の役割のちがいがわかった,友だちと話して考えた,
2026/09/08 14:49:19,S11,3,五街道が江戸を中心に整備されたことがわかった,友だちと話して考えた,
2026/09/08 14:38:18,S12,3,菱垣廻船や樽廻船で物が海路で運ばれたと知った,前に習ったことと結びつけた,
2026/09/08 14:51:59,S13,3,三都(江戸・大阪・京都)の役割のちがいがわかった,資料集・地図で調べた,
2026/09/08 14:52:57,S14,3,五街道が江戸を中心に整備されたことがわかった,先生に質問した,
2026/09/08 14:49:32,S15,5,ふつうにわかった,どれもしていない,
2026/09/08 14:47:28,S16,4,五街道が江戸を中心に整備されたことがわかった,ノートに自分でまとめ直した,
2026/09/08 14:39:38,S17,2,菱垣廻船や樽廻船で物が海路で運ばれたと知った,ノートに自分でまとめ直した,
2026/09/08 14:48:22,S18,4,三都(江戸・大阪・京都)の役割のちがいがわかった,資料集・地図で調べた,
2026/09/08 14:52:01,S19,3,三都(江戸・大阪・京都)の役割のちがいがわかった,友だちと話して考えた,
2026/09/08 14:48:42,S20,2,五街道が江戸を中心に整備されたことがわかった,前に習ったことと結びつけた,
2026/09/08 14:49:05,S21,4,三都(江戸・大阪・京都)の役割のちがいがわかった,先生に質問した,
2026/09/08 14:41:38,S22,3,大阪が天下の台所と呼ばれた理由がわかった,ノートに自分でまとめ直した,とくにありません
2026/09/08 14:42:40,S23,2,何となくわかった,資料集・地図で調べた,
2026/09/08 14:42:08,S24,4,三都(江戸・大阪・京都)の役割のちがいがわかった,ノートに自分でまとめ直した,
2026/09/08 14:40:55,S25,5,大阪が天下の台所と呼ばれた理由がわかった,ノートに自分でまとめ直した,
2026/09/08 14:39:44,S26,4,菱垣廻船や樽廻船で物が海路で運ばれたと知った。表にまとめ直した,ノートに自分でまとめ直した、前に習ったことと結びつけた,
2026/09/08 14:47:32,S27,4,大阪が天下の台所と呼ばれた理由がわかった,資料集・地図で調べた,
2026/09/08 14:51:37,S28,3,五街道が江戸を中心に整備されたことがわかった,友だちと話して考えた,
2026/09/08 14:46:53,S29,3,大阪が天下の台所と呼ばれた理由がわかった,前に習ったことと結びつけた,
2026/09/08 14:47:12,S30,4,五街道が江戸を中心に整備されたことがわかった,ノートに自分でまとめ直した,
2026/09/09 14:48:55,S01,1,両替商が今の銀行みたいな仕事をしていたとわかった,ノートに自分でまとめ直した,
2026/09/09 14:45:18,S02,3,両替商が今の銀行みたいな仕事をしていたとわかった,資料集・地図で調べた,今日の内容は現在の沖縄とつながりがありますか
2026/09/09 14:40:56,S03,4,両替商が今の銀行みたいな仕事をしていたとわかった。前の単元の楽市楽座と比べた,前に習ったことと結びつけた,
2026/09/09 14:38:10,S04,1,蔵屋敷とお金の流れが図にしないとわからない,ノートに自分でまとめ直した,
2026/09/09 14:42:46,S05,2,株仲間が営業を独占するかわりに税を納めていたとわかった,先生に質問した,
2026/09/09 14:49:21,S06,3,株仲間が営業を独占するかわりに税を納めていたとわかった,先生に質問した,とくにありません
2026/09/09 14:40:30,S07,3,株仲間が営業を独占するかわりに税を納めていたとわかった,ノートに自分でまとめ直した,
2026/09/09 14:46:48,S08,2,蔵屋敷で年貢米がお金にかえられるしくみが少しわかった,ノートに自分でまとめ直した,
2026/09/09 14:43:11,S09,3,貨幣経済と株仲間をやった,資料集・地図で調べた,
2026/09/09 14:47:44,S10,3,蔵屋敷で年貢米がお金にかえられるしくみが少しわかった,ノートに自分でまとめ直した,
2026/09/09 14:38:54,S11,2,お金のしくみの話になるとわからなくなる,友だちと話して考えた,
2026/09/09 14:48:25,S12,3,蔵屋敷で年貢米がお金にかえられるしくみが少しわかった,資料集・地図で調べた,
2026/09/09 14:41:16,S13,2,両替商が今の銀行みたいな仕事をしていたとわかった,友だちと話して考えた,
2026/09/09 14:47:41,S14,2,金・銀・銭の三種類のお金が使われていたと知った,ノートに自分でまとめ直した,
2026/09/09 14:40:48,S15,4,わかった,どれもしていない,
2026/09/09 14:45:06,S16,3,蔵屋敷で年貢米がお金にかえられるしくみが少しわかった,先生に質問した,とくにありません
2026/09/09 14:40:39,S17,3,両替商が今の銀行みたいな仕事をしていたとわかった,ノートに自分でまとめ直した,
2026/09/09 14:47:09,S18,3,蔵屋敷で年貢米がお金にかえられるしくみが少しわかった,友だちと話して考えた,
2026/09/09 14:45:24,S19,2,金・銀・銭の三種類のお金が使われていたと知った,ノートに自分でまとめ直した,
2026/09/09 14:45:59,S20,3,両替商が今の銀行みたいな仕事をしていたとわかった,先生に質問した,
2026/09/09 14:43:28,S21,3,蔵屋敷で年貢米がお金にかえられるしくみが少しわかった,友だちと話して考えた,
2026/09/09 14:41:04,S22,1,蔵屋敷で年貢米がお金にかえられるしくみが少しわかった,前に習ったことと結びつけた,
2026/09/09 14:49:13,S23,2,むずかしかった,資料集・地図で調べた,
2026/09/09 14:47:14,S24,2,両替商が今の銀行みたいな仕事をしていたとわかった,先生に質問した,
2026/09/09 14:51:03,S25,3,株仲間が営業を独占するかわりに税を納めていたとわかった,先生に質問した,
2026/09/09 14:39:15,S26,2,蔵屋敷で年貢米がお金にかえられるしくみが少しわかった。表にまとめ直した,ノートに自分でまとめ直した、前に習ったことと結びつけた,
2026/09/09 14:41:54,S27,4,両替商が今の銀行みたいな仕事をしていたとわかった,資料集・地図で調べた,
2026/09/09 14:48:01,S28,1,蔵屋敷で年貢米がお金にかえられるしくみが少しわかった,友だちと話して考えた,
2026/09/09 14:39:35,S29,3,両替商が今の銀行みたいな仕事をしていたとわかった,前に習ったことと結びつけた,
2026/09/09 14:44:31,S30,3,金・銀・銭の三種類のお金が使われていたと知った,先生に質問した,
2026/09/10 14:43:05,S01,4,元禄文化は上方の町人の文化だとわかった。授業が楽しかった,前に習ったことと結びつけた,
2026/09/10 14:41:54,S02,4,元禄文化は上方の町人の文化だとわかった,資料集・地図で調べた,今日の内容は現在の沖縄とつながりがありますか
2026/09/10 14:44:29,S03,5,元禄文化は上方の町人の文化だとわかった,前に習ったことと結びつけた,
2026/09/10 14:38:51,S04,3,元禄と化政のちがいをまだ言えない,ノートに自分でまとめ直した,
2026/09/10 14:42:43,S05,4,井原西鶴が町人の生活を小説にしたとわかった,友だちと話して考えた,
2026/09/10 14:39:27,S06,4,井原西鶴が町人の生活を小説にしたとわかった,先生に質問した、前に習ったことと結びつけた,
2026/09/10 14:44:39,S07,4,井原西鶴が町人の生活を小説にしたとわかった,友だちと話して考えた,
2026/09/10 14:49:57,S08,4,浮世絵が庶民に広まったことがわかった,先生に質問した、ノートに自分でまとめ直した,
2026/09/10 14:52:53,S09,3,元禄文化をやった,どれもしていない,
2026/09/10 14:51:36,S10,3,近松門左衛門の人形浄瑠璃が人気だったと知った,先生に質問した,
2026/09/10 14:39:48,S11,2,改革の名前が覚えられない,友だちと話して考えた,お金の流れを図でもう一回教えてください
2026/09/10 14:45:41,S12,3,浮世絵が庶民に広まったことがわかった,先生に質問した、ノートに自分でまとめ直した,
2026/09/10 14:52:27,S13,5,近松門左衛門の人形浄瑠璃が人気だったと知った,友だちと話して考えた,
2026/09/10 14:44:51,S14,2,近松門左衛門の人形浄瑠璃が人気だったと知った,前に習ったことと結びつけた,
2026/09/10 14:52:48,S15,4,特にむずかしくなかった,どれもしていない,
2026/09/10 14:38:20,S16,5,浮世絵が庶民に広まったことがわかった,ノートに自分でまとめ直した,
2026/09/10 14:44:02,S17,5,浮世絵が庶民に広まったことがわかった。授業が楽しかった,ノートに自分でまとめ直した,
2026/09/10 14:48:35,S18,4,近松門左衛門の人形浄瑠璃が人気だったと知った,前に習ったことと結びつけた,
2026/09/10 14:49:22,S19,3,元禄文化は上方の町人の文化だとわかった。発表があると思うときんちょうする,ノートに自分でまとめ直した,
2026/09/10 14:51:38,S20,5,井原西鶴が町人の生活を小説にしたとわかった,友だちと話して考えた,
2026/09/10 14:45:17,S21,3,井原西鶴が町人の生活を小説にしたとわかった,ノートに自分でまとめ直した,
2026/09/10 14:40:43,S22,4,近松門左衛門の人形浄瑠璃が人気だったと知った,友だちと話して考えた,とくにありません
2026/09/10 14:46:04,S23,3,教科書を読んだ,どれもしていない,
2026/09/10 14:44:32,S24,3,近松門左衛門の人形浄瑠璃が人気だったと知った,ノートに自分でまとめ直した,
2026/09/10 14:47:14,S25,3,元禄文化は上方の町人の文化だとわかった。授業が楽しかった,ノートに自分でまとめ直した,
2026/09/10 14:47:59,S26,4,近松門左衛門の人形浄瑠璃が人気だったと知った,ノートに自分でまとめ直した、前に習ったことと結びつけた,とくにありません
2026/09/10 14:51:39,S27,5,元禄文化は上方の町人の文化だとわかった,資料集・地図で調べた,
2026/09/10 14:49:38,S28,3,元禄文化は上方の町人の文化だとわかった,ノートに自分でまとめ直した、資料集・地図で調べた,
2026/09/10 14:39:53,S29,3,井原西鶴が町人の生活を小説にしたとわかった,先生に質問した,
2026/09/10 14:50:14,S30,3,浮世絵が庶民に広まったことがわかった,資料集・地図で調べた,
2026/09/11 14:51:53,S01,3,上げ米の制で大名に米を出させたとわかった,友だちと話して考えた,
2026/09/11 14:50:28,S02,3,公事方御定書で裁判の基準を作ったとわかった,資料集・地図で調べた,今日の内容は現在の沖縄とつながりがありますか
2026/09/11 14:52:05,S03,4,目安箱で庶民の意見を聞いたのがすごいと思った,前に習ったことと結びつけた,
2026/09/11 14:41:52,S04,2,上げ米の制で大名に米を出させたとわかったけど自分で説明はまだできない,ノートに自分でまとめ直した,図で整理するプリントがほしいです
2026/09/11 14:50:04,S05,3,上げ米の制で大名に米を出させたとわかった,前に習ったことと結びつけた,
2026/09/11 14:44:43,S06,3,徳川吉宗が財政の立て直しをしたことがわかった,前に習ったことと結びつけた,
2026/09/11 14:49:03,S07,4,目安箱で庶民の意見を聞いたのがすごいと思った,ノートに自分でまとめ直した,
2026/09/11 14:41:38,S08,3,徳川吉宗が財政の立て直しをしたことがわかった,ノートに自分でまとめ直した,
2026/09/11 14:44:27,S09,3,享保の改革をやった,資料集・地図で調べた,
2026/09/11 14:46:14,S10,3,上げ米の制で大名に米を出させたとわかった,資料集・地図で調べた,
2026/09/11 14:50:07,S11,2,株仲間と今の会社のちがいがわからない,友だちと話して考えた,
2026/09/11 14:52:49,S12,1,目安箱で庶民の意見を聞いたのがすごいと思った,ノートに自分でまとめ直した,
2026/09/11 14:47:58,S13,4,公事方御定書で裁判の基準を作ったとわかった,友だちと話して考えた、ノートに自分でまとめ直した,
2026/09/11 14:47:25,S14,4,公事方御定書で裁判の基準を作ったとわかった,前に習ったことと結びつけた,
2026/09/11 14:39:00,S15,5,ふつうにわかった,どれもしていない,
2026/09/11 14:49:46,S16,2,上げ米の制で大名に米を出させたとわかった,ノートに自分でまとめ直した,
2026/09/11 14:46:40,S17,2,目安箱で庶民の意見を聞いたのがすごいと思った,友だちと話して考えた,
2026/09/11 14:47:31,S18,3,目安箱で庶民の意見を聞いたのがすごいと思った,先生に質問した,
2026/09/11 14:38:35,S19,2,公事方御定書で裁判の基準を作ったとわかった,ノートに自分でまとめ直した,
2026/09/11 14:43:34,S20,4,公事方御定書で裁判の基準を作ったとわかった,友だちと話して考えた,
2026/09/11 14:45:19,S21,4,公事方御定書で裁判の基準を作ったとわかった,先生に質問した,
2026/09/11 14:47:25,S22,3,目安箱で庶民の意見を聞いたのがすごいと思った,前に習ったことと結びつけた,
2026/09/11 14:38:50,S23,2,何となくわかった,どれもしていない,
2026/09/11 14:40:41,S24,3,目安箱で庶民の意見を聞いたのがすごいと思った,資料集・地図で調べた,
2026/09/11 14:38:56,S25,3,徳川吉宗が財政の立て直しをしたことがわかった,友だちと話して考えた,
2026/09/11 14:40:37,S26,3,上げ米の制で大名に米を出させたとわかった,ノートに自分でまとめ直した、前に習ったことと結びつけた,
2026/09/11 14:50:20,S27,2,上げ米の制で大名に米を出させたとわかった,先生に質問した,
2026/09/11 14:48:57,S28,4,上げ米の制で大名に米を出させたとわかった,友だちと話して考えた,
2026/09/11 14:51:22,S29,1,徳川吉宗が財政の立て直しをしたことがわかった,資料集・地図で調べた,
2026/09/11 14:50:30,S30,3,上げ米の制で大名に米を出させたとわかった,ノートに自分でまとめ直した,
2026/09/14 14:46:06,S01,4,寛政の改革がきびしすぎて不満が出たとわかった,ノートに自分でまとめ直した,
2026/09/14 14:41:02,S02,3,寛政の改革がきびしすぎて不満が出たとわかった,前に習ったことと結びつけた,改革はなぜ何回も失敗するんですか
2026/09/14 14:52:56,S03,4,寛政の改革がきびしすぎて不満が出たとわかった,前に習ったことと結びつけた,
2026/09/14 14:45:10,S04,2,田沼と定信のやったことが逆になる,ノートに自分でまとめ直した,図で整理するプリントがほしいです
2026/09/14 14:45:15,S05,3,田沼は商業の力、松平定信は倹約と農業でちがう方向だとわかった,友だちと話して考えた,
2026/09/14 14:46:21,S06,3,田沼の政治がわいろで批判されたことがわかった,先生に質問した,
2026/09/14 14:52:11,S07,2,改革のちがいがよくわからなかった,どれもしていない,
2026/09/14 14:38:52,S08,4,田沼は商業の力、松平定信は倹約と農業でちがう方向だとわかった,前に習ったことと結びつけた,
2026/09/14 14:42:26,S09,3,田沼の政治と寛政の改革をやった,どれもしていない,
2026/09/14 14:51:25,S10,2,田沼は商業の力、松平定信は倹約と農業でちがう方向だとわかった,前に習ったことと結びつけた,
2026/09/14 14:51:57,S11,2,改革の名前が覚えられない,友だちと話して考えた,
2026/09/14 14:38:24,S12,3,寛政の改革がきびしすぎて不満が出たとわかった,ノートに自分でまとめ直した,とくにありません
2026/09/14 14:40:44,S13,3,寛政の改革がきびしすぎて不満が出たとわかった,先生に質問した、前に習ったことと結びつけた,
2026/09/14 14:50:16,S14,3,寛政の改革がきびしすぎて不満が出たとわかった,ノートに自分でまとめ直した,
2026/09/14 14:51:18,S15,5,ふつうにわかった,どれもしていない,
2026/09/14 14:44:56,S16,2,田沼の政治がわいろで批判されたことがわかった,ノートに自分でまとめ直した,
2026/09/14 14:47:02,S17,2,寛政の改革がきびしすぎて不満が出たとわかった,前に習ったことと結びつけた、ノートに自分でまとめ直した,
2026/09/14 14:51:53,S18,3,改革ごとに何を大事にしたかを比べるとわかりやすいと気づいた,ノートに自分でまとめ直した,とくにありません
2026/09/14 14:48:11,S19,3,改革ごとに何を大事にしたかを比べるとわかりやすいと気づいた,ノートに自分でまとめ直した,
2026/09/14 14:46:11,S20,2,田沼の政治がわいろで批判されたことがわかった,ノートに自分でまとめ直した,
2026/09/14 14:47:51,S21,3,田沼は商業の力、松平定信は倹約と農業でちがう方向だとわかった,友だちと話して考えた,とくにありません
2026/09/14 14:41:34,S22,2,田沼は商業の力、松平定信は倹約と農業でちがう方向だとわかった,ノートに自分でまとめ直した,
2026/09/14 14:39:08,S23,2,むずかしかった,資料集・地図で調べた,
2026/09/14 14:51:38,S24,4,改革ごとに何を大事にしたかを比べるとわかりやすいと気づいた,前に習ったことと結びつけた,
2026/09/14 14:46:23,S25,1,改革ごとに何を大事にしたかを比べるとわかりやすいと気づいた,先生に質問した,
2026/09/14 14:48:35,S26,3,田沼の政治がわいろで批判されたことがわかった,ノートに自分でまとめ直した、前に習ったことと結びつけた,
2026/09/14 14:43:24,S27,2,寛政の改革がきびしすぎて不満が出たとわかった,友だちと話して考えた,
2026/09/14 14:52:51,S28,2,寛政の改革がきびしすぎて不満が出たとわかった,前に習ったことと結びつけた、ノートに自分でまとめ直した,
2026/09/14 14:52:00,S29,3,改革ごとに何を大事にしたかを比べるとわかりやすいと気づいた,ノートに自分でまとめ直した,
2026/09/14 14:41:10,S30,3,田沼は商業の力、松平定信は倹約と農業でちがう方向だとわかった,資料集・地図で調べた、前に習ったことと結びつけた,
2026/09/15 14:52:35,S01,2,からかさ連判状で名前を丸く書く理由に納得した,前に習ったことと結びつけた,
2026/09/15 14:42:34,S02,3,百姓一揆と打ちこわしのちがいがわかった,資料集・地図で調べた,一揆をした人はどうなったんですか
2026/09/15 14:46:56,S03,4,ききんが一揆の引き金になったことがわかった,前に習ったことと結びつけた,
2026/09/15 14:40:54,S04,2,百姓一揆と打ちこわしのちがいがわかったけど自分で説明はまだできない,ノートに自分でまとめ直した,
2026/09/15 14:38:45,S05,4,ききんが一揆の引き金になったことがわかった,前に習ったことと結びつけた,
2026/09/15 14:43:50,S06,2,農村で貧富の差が広がっていたことがわかった,ノートに自分でまとめ直した,
2026/09/15 14:49:17,S07,2,とくにないです,どれもしていない,
2026/09/15 14:49:06,S08,2,ききんが一揆の引き金になったことがわかった,ノートに自分でまとめ直した,
2026/09/15 14:40:17,S09,3,農村の変化と百姓一揆をやった,どれもしていない,
2026/09/15 14:50:20,S10,3,からかさ連判状で名前を丸く書く理由に納得した,先生に質問した,とくにありません
2026/09/15 14:41:59,S11,4,百姓一揆と打ちこわしのちがいがわかった,友だちと話して考えた,
2026/09/15 14:44:29,S12,3,百姓一揆と打ちこわしのちがいがわかった,資料集・地図で調べた,
2026/09/15 14:41:59,S13,3,農村で貧富の差が広がっていたことがわかった,友だちと話して考えた,
2026/09/15 14:39:49,S14,2,からかさ連判状で名前を丸く書く理由に納得した,先生に質問した,
2026/09/15 14:47:55,S15,5,わかった,資料集・地図で調べた,
2026/09/15 14:47:53,S16,4,農村で貧富の差が広がっていたことがわかった,資料集・地図で調べた,
2026/09/15 14:38:25,S17,3,百姓一揆と打ちこわしのちがいがわかった,友だちと話して考えた,
2026/09/15 14:51:43,S18,4,ききんが一揆の引き金になったことがわかった,前に習ったことと結びつけた、先生に質問した,
2026/09/15 14:46:30,S19,3,百姓一揆と打ちこわしのちがいがわかった,ノートに自分でまとめ直した,
2026/09/15 14:51:51,S20,3,百姓一揆と打ちこわしのちがいがわかった,先生に質問した,
2026/09/15 14:48:21,S21,4,農村で貧富の差が広がっていたことがわかった,前に習ったことと結びつけた,
2026/09/15 14:45:14,S22,4,からかさ連判状で名前を丸く書く理由に納得した,友だちと話して考えた,
2026/09/15 14:48:59,S23,2,ノートは写した,資料集・地図で調べた,
2026/09/15 14:40:27,S24,2,からかさ連判状で名前を丸く書く理由に納得した,資料集・地図で調べた、前に習ったことと結びつけた,
2026/09/15 14:49:00,S25,2,からかさ連判状で名前を丸く書く理由に納得した,前に習ったことと結びつけた,
2026/09/15 14:39:12,S26,3,からかさ連判状で名前を丸く書く理由に納得した,ノートに自分でまとめ直した、前に習ったことと結びつけた,
2026/09/15 14:41:10,S27,1,からかさ連判状で名前を丸く書く理由に納得した,ノートに自分でまとめ直した,
2026/09/15 14:45:33,S28,2,ききんが一揆の引き金になったことがわかった,資料集・地図で調べた,
2026/09/15 14:40:56,S29,4,からかさ連判状で名前を丸く書く理由に納得した,友だちと話して考えた,
2026/09/15 14:43:22,S30,3,農村で貧富の差が広がっていたことがわかった,友だちと話して考えた,
2026/09/16 14:42:29,S01,3,葛飾北斎の富嶽三十六景を見たことがあったのでつながった,前に習ったことと結びつけた,
2026/09/16 14:51:43,S02,4,葛飾北斎の富嶽三十六景を見たことがあったのでつながった,前に習ったことと結びつけた,今日の内容は現在の沖縄とつながりがありますか
2026/09/16 14:38:27,S03,5,化政文化は江戸の庶民の文化だとわかった,前に習ったことと結びつけた,
2026/09/16 14:48:29,S04,3,元禄と化政を人物で区別しようとして混ざる,ノートに自分でまとめ直した,
2026/09/16 14:46:18,S05,4,寺子屋で読み書きそろばんを学んでいたと知った,友だちと話して考えた,
2026/09/16 14:52:46,S06,3,川柳や狂歌で世の中を皮肉ったのがおもしろかった,ノートに自分でまとめ直した,
2026/09/16 14:43:01,S07,2,とくにないです,どれもしていない,
2026/09/16 14:52:35,S08,3,葛飾北斎の富嶽三十六景を見たことがあったのでつながった,前に習ったことと結びつけた,
2026/09/16 14:50:45,S09,3,化政文化をやった,どれもしていない,
2026/09/16 14:47:22,S10,3,葛飾北斎の富嶽三十六景を見たことがあったのでつながった,先生に質問した,
2026/09/16 14:51:54,S11,4,化政文化は江戸の庶民の文化だとわかった,友だちと話して考えた,
2026/09/16 14:48:08,S12,3,川柳や狂歌で世の中を皮肉ったのがおもしろかった,友だちと話して考えた,
2026/09/16 14:40:51,S13,4,寺子屋で読み書きそろばんを学んでいたと知った,資料集・地図で調べた,
2026/09/16 14:38:52,S14,3,化政文化は江戸の庶民の文化だとわかった,先生に質問した,
2026/09/16 14:48:36,S15,5,わかった,資料集・地図で調べた,
2026/09/16 14:43:43,S16,5,化政文化は江戸の庶民の文化だとわかった,資料集・地図で調べた,
2026/09/16 14:51:49,S17,4,寺子屋で読み書きそろばんを学んでいたと知った,先生に質問した,
2026/09/16 14:43:18,S18,4,葛飾北斎の富嶽三十六景を見たことがあったのでつながった,先生に質問した,
2026/09/16 14:42:31,S19,3,葛飾北斎の富嶽三十六景を見たことがあったのでつながった。発表があると思うときんちょうする,ノートに自分でまとめ直した,
2026/09/16 14:46:04,S20,5,川柳や狂歌で世の中を皮肉ったのがおもしろかった,先生に質問した,
2026/09/16 14:52:26,S21,3,葛飾北斎の富嶽三十六景を見たことがあったのでつながった,ノートに自分でまとめ直した、前に習ったことと結びつけた,
2026/09/16 14:50:12,S22,4,川柳や狂歌で世の中を皮肉ったのがおもしろかった,資料集・地図で調べた、前に習ったことと結びつけた,
2026/09/16 14:45:24,S23,3,むずかしかった,どれもしていない,
2026/09/16 14:41:19,S24,4,川柳や狂歌で世の中を皮肉ったのがおもしろかった,友だちと話して考えた,
2026/09/16 14:47:16,S25,4,化政文化は江戸の庶民の文化だとわかった,先生に質問した,
2026/09/16 14:47:11,S26,4,化政文化は江戸の庶民の文化だとわかった。表にまとめ直した,ノートに自分でまとめ直した、前に習ったことと結びつけた,
2026/09/16 14:43:40,S27,5,寺子屋で読み書きそろばんを学んでいたと知った,資料集・地図で調べた,
2026/09/16 14:47:48,S28,4,寺子屋で読み書きそろばんを学んでいたと知った,前に習ったことと結びつけた、資料集・地図で調べた,
2026/09/16 14:41:11,S29,5,寺子屋で読み書きそろばんを学んでいたと知った,先生に質問した,
2026/09/16 14:45:51,S30,4,寺子屋で読み書きそろばんを学んでいたと知った,先生に質問した,
2026/09/17 14:45:21,S01,4,外国船が日本に近づいてきていた背景がわかった,資料集・地図で調べた,
2026/09/17 14:49:05,S02,3,水野忠邦の改革が株仲間の解散までしたとわかった,資料集・地図で調べた,外国船はどこの国が多かったんですか
2026/09/17 14:51:32,S03,4,外国船が日本に近づいてきていた背景がわかった,前に習ったことと結びつけた,
2026/09/17 14:49:07,S04,2,外国船が日本に近づいてきていた背景がわかったけど自分で説明はまだできない,ノートに自分でまとめ直した,図で整理するプリントがほしいです。テスト範囲はどこまでですか
2026/09/17 14:49:11,S05,3,水野忠邦の改革が株仲間の解散までしたとわかった,資料集・地図で調べた、前に習ったことと結びつけた,
2026/09/17 14:38:37,S06,3,異国船打払令が出されたことを知った,前に習ったことと結びつけた,
2026/09/17 14:46:21,S07,1,わかりません,どれもしていない,
2026/09/17 14:44:22,S08,2,水野忠邦の改革が株仲間の解散までしたとわかった,ノートに自分でまとめ直した、前に習ったことと結びつけた,
2026/09/17 14:45:25,S09,3,天保の改革と外国船をやった,資料集・地図で調べた,
2026/09/17 14:39:10,S10,3,水野忠邦の改革が株仲間の解散までしたとわかった,先生に質問した,
2026/09/17 14:40:38,S11,3,水野忠邦の改革が株仲間の解散までしたとわかった,友だちと話して考えた,
2026/09/17 14:46:40,S12,2,外国船が日本に近づいてきていた背景がわかった,資料集・地図で調べた,
2026/09/17 14:40:41,S13,2,水野忠邦の改革が株仲間の解散までしたとわかった,先生に質問した,テスト範囲はどこまでですか
2026/09/17 14:44:23,S14,3,異国船打払令が出されたことを知った,前に習ったことと結びつけた、ノートに自分でまとめ直した,
2026/09/17 14:46:53,S15,4,わかった,資料集・地図で調べた,
2026/09/17 14:38:57,S16,3,天保の改革が失敗に終わった理由がわかった,資料集・地図で調べた,とくにありません
2026/09/17 14:45:47,S17,2,天保の改革が失敗に終わった理由がわかった,資料集・地図で調べた,
2026/09/17 14:46:40,S18,2,水野忠邦の改革が株仲間の解散までしたとわかった,友だちと話して考えた,テスト範囲はどこまでですか
2026/09/17 14:46:56,S19,2,テストのことを考えると内容が頭に入らなかった,友だちと話して考えた,テストは記述問題が多いですか。テスト範囲はどこまでですか
2026/09/17 14:47:47,S20,3,天保の改革が失敗に終わった理由がわかった,友だちと話して考えた,
2026/09/17 14:49:58,S21,3,外国船が日本に近づいてきていた背景がわかった,先生に質問した、前に習ったことと結びつけた,
2026/09/17 14:50:02,S22,3,水野忠邦の改革が株仲間の解散までしたとわかった,前に習ったことと結びつけた,
2026/09/17 14:42:04,S23,2,ノートは写した,資料集・地図で調べた,とくにありません
2026/09/17 14:51:59,S24,4,外国船が日本に近づいてきていた背景がわかった,ノートに自分でまとめ直した、資料集・地図で調べた,
2026/09/17 14:43:21,S25,4,外国船が日本に近づいてきていた背景がわかった,資料集・地図で調べた,
2026/09/17 14:47:17,S26,3,外国船が日本に近づいてきていた背景がわかった。表にまとめ直した,ノートに自分でまとめ直した、前に習ったことと結びつけた,
2026/09/17 14:47:52,S27,2,異国船打払令が出されたことを知った,ノートに自分でまとめ直した,
2026/09/17 14:43:00,S28,2,異国船打払令が出されたことを知った,ノートに自分でまとめ直した,とくにありません
2026/09/17 14:47:16,S29,4,水野忠邦の改革が株仲間の解散までしたとわかった,資料集・地図で調べた、ノートに自分でまとめ直した,
2026/09/17 14:38:20,S30,3,外国船が日本に近づいてきていた背景がわかった,先生に質問した,テスト範囲はどこまでですか
2026/09/18 14:41:30,S01,4,まちがえた問題の理由を考え直せた,友だちと話して考えた,
2026/09/18 14:40:36,S02,4,まちがえた問題の理由を考え直せた,資料集・地図で調べた,今日の内容は現在の沖縄とつながりがありますか
2026/09/18 14:41:41,S03,4,テストで改革の区別があいまいだったところを確認できた,前に習ったことと結びつけた,
2026/09/18 14:52:57,S04,2,まちがえた問題の理由を考え直せた,ノートに自分でまとめ直した,図で整理するプリントがほしいです
2026/09/18 14:50:57,S05,3,まちがえた問題の理由を考え直せた,ノートに自分でまとめ直した,
2026/09/18 14:39:23,S06,2,テストで改革の区別があいまいだったところを確認できた,資料集・地図で調べた,
2026/09/18 14:43:58,S07,1,とくにない,どれもしていない,
2026/09/18 14:51:23,S08,3,三大改革の表にまとめ直したら整理できた,前に習ったことと結びつけた,
2026/09/18 14:41:37,S09,3,単元テストと返却・振り返りをやった,どれもしていない,
2026/09/18 14:46:04,S10,3,テストで改革の区別があいまいだったところを確認できた,資料集・地図で調べた,
2026/09/18 14:40:53,S11,3,テストで改革の区別があいまいだったところを確認できた,友だちと話して考えた,
2026/09/18 14:40:10,S12,3,年号より流れで覚えるほうが解けると気づいた,友だちと話して考えた,
2026/09/18 14:52:41,S13,3,三大改革の表にまとめ直したら整理できた,先生に質問した,
2026/09/18 14:43:28,S14,3,まちがえた問題の理由を考え直せた,友だちと話して考えた,
2026/09/18 14:47:50,S15,5,ふつうにわかった,資料集・地図で調べた,
2026/09/18 14:44:53,S16,4,テストで改革の区別があいまいだったところを確認できた,先生に質問した,
2026/09/18 14:44:55,S17,2,テストで改革の区別があいまいだったところを確認できた,友だちと話して考えた,
2026/09/18 14:39:16,S18,3,まちがえた問題の理由を考え直せた,ノートに自分でまとめ直した,
2026/09/18 14:38:13,S19,3,テストは思ったよりできた。改革の並べかえが不安,友だちと話して考えた,
2026/09/18 14:51:44,S20,3,まちがえた問題の理由を考え直せた,先生に質問した、資料集・地図で調べた,
2026/09/18 14:49:03,S21,2,年号より流れで覚えるほうが解けると気づいた,友だちと話して考えた,
2026/09/18 14:45:12,S22,3,年号より流れで覚えるほうが解けると気づいた,先生に質問した,
2026/09/18 14:39:05,S23,2,ノートは写した,資料集・地図で調べた,
2026/09/18 14:40:07,S24,4,テストで改革の区別があいまいだったところを確認できた,先生に質問した,
2026/09/18 14:41:34,S25,3,まちがえた問題の理由を考え直せた,先生に質問した、前に習ったことと結びつけた,
2026/09/18 14:41:54,S26,4,まちがえた問題の理由を考え直せた,ノートに自分でまとめ直した、前に習ったことと結びつけた,
2026/09/18 14:47:36,S27,2,年号より流れで覚えるほうが解けると気づいた,友だちと話して考えた,
2026/09/18 14:39:54,S28,4,三大改革の表にまとめ直したら整理できた,先生に質問した,
2026/09/18 14:45:49,S29,4,三大改革の表にまとめ直したら整理できた,先生に質問した,
2026/09/18 14:47:22,S30,3,まちがえた問題の理由を考え直せた,先生に質問した,
2026/09/24 14:44:36,S01,4,幕府が朝廷や大名に意見を聞いたことが幕府の力の低下だと知った,前に習ったことと結びつけた,
2026/09/24 14:45:37,S02,4,ペリーが4隻の黒船で来た理由がアメリカの都合だとわかった,前に習ったことと結びつけた,黒船はどれくらいの大きさだったんですか
2026/09/24 14:45:25,S03,5,黒船を見た人々のおどろきが瓦版から伝わってきた,前に習ったことと結びつけた,とくにありません
2026/09/24 14:42:12,S04,3,ペリーが4隻の黒船で来た理由がアメリカの都合だとわかったけど自分で説明はまだできない,ノートに自分でまとめ直した,図で整理するプリントがほしいです
2026/09/24 14:40:15,S05,4,黒船を見た人々のおどろきが瓦版から伝わってきた,ノートに自分でまとめ直した,
2026/09/24 14:50:53,S06,5,幕府が朝廷や大名に意見を聞いたことが幕府の力の低下だと知った,ノートに自分でまとめ直した,
2026/09/24 14:42:30,S07,1,わかりません,どれもしていない,
2026/09/24 14:42:55,S08,2,ペリーが4隻の黒船で来た理由がアメリカの都合だとわかった,先生に質問した,
2026/09/24 14:50:27,S09,3,ペリー来航と開国をやった,資料集・地図で調べた,
2026/09/24 14:39:11,S10,2,幕府が朝廷や大名に意見を聞いたことが幕府の力の低下だと知った,友だちと話して考えた,とくにありません
2026/09/24 14:46:06,S11,4,幕府が朝廷や大名に意見を聞いたことが幕府の力の低下だと知った,友だちと話して考えた,
2026/09/24 14:51:24,S12,5,幕府が朝廷や大名に意見を聞いたことが幕府の力の低下だと知った,資料集・地図で調べた,
2026/09/24 14:38:58,S13,5,黒船を見た人々のおどろきが瓦版から伝わってきた,先生に質問した,
2026/09/24 14:49:17,S14,2,黒船を見た人々のおどろきが瓦版から伝わってきた,資料集・地図で調べた、ノートに自分でまとめ直した,
2026/09/24 14:49:52,S15,5,ふつうにわかった,資料集・地図で調べた,
2026/09/24 14:50:01,S16,4,日米和親条約で下田と函館が開かれたとわかった,ノートに自分でまとめ直した,
2026/09/24 14:44:28,S17,4,ペリーが4隻の黒船で来た理由がアメリカの都合だとわかった,前に習ったことと結びつけた,
2026/09/24 14:50:23,S18,3,ペリーが4隻の黒船で来た理由がアメリカの都合だとわかった。授業が楽しかった,ノートに自分でまとめ直した,
2026/09/24 14:52:40,S19,3,黒船を見た人々のおどろきが瓦版から伝わってきた,ノートに自分でまとめ直した,
2026/09/24 14:43:51,S20,3,幕府が朝廷や大名に意見を聞いたことが幕府の力の低下だと知った,友だちと話して考えた,
2026/09/24 14:40:48,S21,5,幕府が朝廷や大名に意見を聞いたことが幕府の力の低下だと知った,友だちと話して考えた、前に習ったことと結びつけた,
2026/09/24 14:48:07,S22,4,日米和親条約で下田と函館が開かれたとわかった,前に習ったことと結びつけた,とくにありません
2026/09/24 14:48:48,S23,5,黒船を見た人々のおどろきが瓦版から伝わってきた。黒船のことをもっと調べたい,資料集・地図で調べた、前に習ったことと結びつけた,黒船はどれくらいの大きさだったんですか
2026/09/24 14:52:09,S24,3,ペリーが4隻の黒船で来た理由がアメリカの都合だとわかった,友だちと話して考えた,とくにありません
2026/09/24 14:38:57,S25,4,幕府が朝廷や大名に意見を聞いたことが幕府の力の低下だと知った,友だちと話して考えた,
2026/09/24 14:42:07,S26,4,ペリーが4隻の黒船で来た理由がアメリカの都合だとわかった。表にまとめ直した,ノートに自分でまとめ直した、前に習ったことと結びつけた,
2026/09/24 14:46:06,S27,4,ペリーが4隻の黒船で来た理由がアメリカの都合だとわかった。授業が楽しかった,資料集・地図で調べた,
2026/09/24 14:50:25,S28,5,日米和親条約で下田と函館が開かれたとわかった。授業が楽しかった,ノートに自分でまとめ直した,とくにありません
2026/09/24 14:45:20,S29,4,黒船を見た人々のおどろきが瓦版から伝わってきた,先生に質問した,とくにありません
2026/09/24 14:52:26,S30,4,ペリーが4隻の黒船で来た理由がアメリカの都合だとわかった,資料集・地図で調べた、ノートに自分でまとめ直した,
2026/09/25 14:45:35,S01,3,関税自主権がないと国内の産業が守れないとわかった,資料集・地図で調べた,
2026/09/25 14:50:49,S02,3,開港地が増えて貿易が始まったことがわかった,資料集・地図で調べた,不平等条約はいつ直せたんですか
2026/09/25 14:45:15,S03,4,開港地が増えて貿易が始まったことがわかった,前に習ったことと結びつけた,とくにありません
2026/09/25 14:41:58,S04,2,領事裁判権と関税自主権のどっちがどっちか迷う,ノートに自分でまとめ直した,図で整理するプリントがほしいです
2026/09/25 14:44:38,S05,2,日本に不利な条約を結ばされた流れがわかった,前に習ったことと結びつけた,
2026/09/25 14:50:40,S06,3,領事裁判権を認めたことがなぜ不平等なのかわかった,ノートに自分でまとめ直した,
2026/09/25 14:42:22,S07,1,とくにない,どれもしていない,
2026/09/25 14:43:50,S08,1,関税自主権がないと国内の産業が守れないとわかった,先生に質問した,
2026/09/25 14:51:53,S09,3,不平等条約とその内容をやった,資料集・地図で調べた,
2026/09/25 14:41:57,S10,4,日本に不利な条約を結ばされた流れがわかった,前に習ったことと結びつけた,
2026/09/25 14:52:38,S11,3,関税自主権がないと国内の産業が守れないとわかった,友だちと話して考えた,
2026/09/25 14:38:45,S12,1,日本に不利な条約を結ばされた流れがわかった,友だちと話して考えた,
2026/09/25 14:51:38,S13,2,領事裁判権を認めたことがなぜ不平等なのかわかった,前に習ったことと結びつけた,
2026/09/25 14:39:46,S14,4,開港地が増えて貿易が始まったことがわかった,先生に質問した,とくにありません
2026/09/25 14:51:29,S15,5,ふつうにわかった,資料集・地図で調べた,
2026/09/25 14:46:56,S16,2,領事裁判権を認めたことがなぜ不平等なのかわかった,ノートに自分でまとめ直した、友だちと話して考えた,
2026/09/25 14:43:10,S17,1,日本に不利な条約を結ばされた流れがわかった,資料集・地図で調べた,とくにありません
2026/09/25 14:45:57,S18,3,関税自主権がないと国内の産業が守れないとわかった,ノートに自分でまとめ直した,
2026/09/25 14:40:09,S19,3,日本に不利な条約を結ばされた流れがわかった。発表があると思うときんちょうする,友だちと話して考えた,
2026/09/25 14:40:59,S20,2,開港地が増えて貿易が始まったことがわかった,ノートに自分でまとめ直した,
2026/09/25 14:43:48,S21,3,開港地が増えて貿易が始まったことがわかった,友だちと話して考えた,
2026/09/25 14:38:42,S22,2,関税自主権がないと国内の産業が守れないとわかった,前に習ったことと結びつけた,
2026/09/25 14:46:26,S23,5,領事裁判権を認めたことがなぜ不平等なのかわかった。家でも動画で調べた,資料集・地図で調べた、前に習ったことと結びつけた,開国しなかったらどうなっていたんですか
2026/09/25 14:48:47,S24,1,日本に不利な条約を結ばされた流れがわかった,友だちと話して考えた、先生に質問した,
2026/09/25 14:47:31,S25,2,関税自主権がないと国内の産業が守れないとわかった,資料集・地図で調べた,
2026/09/25 14:41:13,S26,3,関税自主権がないと国内の産業が守れないとわかった。表にまとめ直した,ノートに自分でまとめ直した、前に習ったことと結びつけた,
2026/09/25 14:48:03,S27,3,日本に不利な条約を結ばされた流れがわかった,先生に質問した,
2026/09/25 14:41:30,S28,3,関税自主権がないと国内の産業が守れないとわかった,前に習ったことと結びつけた,とくにありません
2026/09/25 14:42:03,S29,3,領事裁判権を認めたことがなぜ不平等なのかわかった,友だちと話して考えた、先生に質問した,
2026/09/25 14:48:41,S30,2,日本に不利な条約を結ばされた流れがわかった,先生に質問した,
2026/09/28 14:42:59,S01,3,生糸が一番の輸出品だったと知った,資料集・地図で調べた,
2026/09/28 14:44:31,S02,3,桜田門外の変で井伊直弼が暗殺されたことを知った,資料集・地図で調べた,攘夷って本当にできると思っていたんですか
2026/09/28 14:50:34,S03,4,桜田門外の変で井伊直弼が暗殺されたことを知った,前に習ったことと結びつけた,とくにありません
2026/09/28 14:39:44,S04,2,貿易が始まって物価が上がり生活が苦しくなったとわかったけど自分で説明はまだできない,ノートに自分でまとめ直した,
2026/09/28 14:41:04,S05,4,尊王攘夷運動が高まった理由がわかった,前に習ったことと結びつけた,
2026/09/28 14:44:26,S06,3,尊王攘夷運動が高まった理由がわかった,資料集・地図で調べた,
2026/09/28 14:45:45,S07,1,わかりません,どれもしていない,
2026/09/28 14:47:46,S08,3,桜田門外の変で井伊直弼が暗殺されたことを知った,先生に質問した,
2026/09/28 14:49:05,S09,3,開国の影響と尊王攘夷をやった,どれもしていない,
2026/09/28 14:44:14,S10,2,生糸が一番の輸出品だったと知った,ノートに自分でまとめ直した,とくにありません
2026/09/28 14:42:07,S11,3,生糸が一番の輸出品だったと知った,友だちと話して考えた,
2026/09/28 14:43:55,S12,3,生糸が一番の輸出品だったと知った,前に習ったことと結びつけた,
2026/09/28 14:49:05,S13,3,貿易が始まって物価が上がり生活が苦しくなったとわかった,資料集・地図で調べた、友だちと話して考えた,
2026/09/28 14:50:00,S14,2,貿易が始まって物価が上がり生活が苦しくなったとわかった,友だちと話して考えた,
2026/09/28 14:45:29,S15,5,ふつうにわかった,どれもしていない,
2026/09/28 14:39:39,S16,3,生糸が一番の輸出品だったと知った,前に習ったことと結びつけた,
2026/09/28 14:51:18,S17,2,尊王攘夷運動が高まった理由がわかった,友だちと話して考えた,
2026/09/28 14:43:07,S18,3,尊王攘夷運動が高まった理由がわかった,資料集・地図で調べた,
2026/09/28 14:43:03,S19,2,尊王攘夷運動が高まった理由がわかった,友だちと話して考えた,
2026/09/28 14:44:33,S20,3,桜田門外の変で井伊直弼が暗殺されたことを知った,ノートに自分でまとめ直した,
2026/09/28 14:44:29,S21,2,桜田門外の変で井伊直弼が暗殺されたことを知った,先生に質問した,
2026/09/28 14:49:23,S22,4,生糸が一番の輸出品だったと知った,友だちと話して考えた,
2026/09/28 14:45:39,S23,4,尊王攘夷運動が高まった理由がわかった。家でも動画で調べた,資料集・地図で調べた、前に習ったことと結びつけた,条約を結び直す方法はなかったんですか
2026/09/28 14:50:56,S24,4,生糸が一番の輸出品だったと知った,資料集・地図で調べた,
2026/09/28 14:38:47,S25,2,生糸が一番の輸出品だったと知った,前に習ったことと結びつけた,
2026/09/28 14:50:36,S26,4,尊王攘夷運動が高まった理由がわかった。表にまとめ直した,ノートに自分でまとめ直した、前に習ったことと結びつけた,
2026/09/28 14:38:29,S27,2,尊王攘夷運動が高まった理由がわかった,資料集・地図で調べた,
2026/09/28 14:39:55,S28,4,生糸が一番の輸出品だったと知った,資料集・地図で調べた,
2026/09/28 14:38:39,S29,2,尊王攘夷運動が高まった理由がわかった,先生に質問した,
2026/09/28 14:46:24,S30,3,尊王攘夷運動が高まった理由がわかった,資料集・地図で調べた,
2026/09/29 14:46:22,S01,3,薩長同盟が倒幕のきっかけになったとわかった,ノートに自分でまとめ直した,とくにありません
2026/09/29 14:40:32,S02,4,薩長同盟が倒幕のきっかけになったとわかった,資料集・地図で調べた,龍馬はなぜねらわれたんですか
2026/09/29 14:52:11,S03,4,大政奉還で幕府が政権を返した流れがわかった,前に習ったことと結びつけた,
2026/09/29 14:44:00,S04,2,王政復古の大号令で新政府ができたとわかったけど自分で説明はまだできない,ノートに自分でまとめ直した,
2026/09/29 14:40:41,S05,3,坂本龍馬が仲立ちをしたことが印象に残った,友だちと話して考えた,
2026/09/29 14:47:45,S06,3,王政復古の大号令で新政府ができたとわかった,資料集・地図で調べた,
2026/09/29 14:43:15,S07,1,とくにない,どれもしていない,
2026/09/29 14:50:22,S08,3,王政復古の大号令で新政府ができたとわかった,友だちと話して考えた,
2026/09/29 14:50:36,S09,3,江戸幕府の滅亡をやった,どれもしていない,
2026/09/29 14:46:33,S10,4,坂本龍馬が仲立ちをしたことが印象に残った,先生に質問した,
2026/09/29 14:41:00,S11,4,薩長同盟が倒幕のきっかけになったとわかった,友だちと話して考えた,
2026/09/29 14:50:46,S12,3,坂本龍馬が仲立ちをしたことが印象に残った,先生に質問した,
2026/09/29 14:49:25,S13,4,坂本龍馬が仲立ちをしたことが印象に残った,資料集・地図で調べた,とくにありません
2026/09/29 14:47:28,S14,3,王政復古の大号令で新政府ができたとわかった,ノートに自分でまとめ直した、資料集・地図で調べた,
2026/09/29 14:42:31,S15,5,ふつうにわかった,どれもしていない,
2026/09/29 14:42:16,S16,3,大政奉還で幕府が政権を返した流れがわかった,ノートに自分でまとめ直した,
2026/09/29 14:41:12,S17,3,大政奉還で幕府が政権を返した流れがわかった,友だちと話して考えた,
2026/09/29 14:49:14,S18,4,坂本龍馬が仲立ちをしたことが印象に残った,ノートに自分でまとめ直した,
2026/09/29 14:40:22,S19,3,王政復古の大号令で新政府ができたとわかった,友だちと話して考えた,
2026/09/29 14:49:42,S20,3,大政奉還で幕府が政権を返した流れがわかった,資料集・地図で調べた,
2026/09/29 14:42:34,S21,4,坂本龍馬が仲立ちをしたことが印象に残った,資料集・地図で調べた,
2026/09/29 14:38:40,S22,4,坂本龍馬が仲立ちをしたことが印象に残った,ノートに自分でまとめ直した、先生に質問した,
2026/09/29 14:52:31,S23,4,王政復古の大号令で新政府ができたとわかった。家でも動画で調べた,資料集・地図で調べた、前に習ったことと結びつけた,攘夷派と開国派はどっちが多かったんですか
2026/09/29 14:51:00,S24,3,大政奉還で幕府が政権を返した流れがわかった,友だちと話して考えた,
2026/09/29 14:40:53,S25,4,坂本龍馬が仲立ちをしたことが印象に残った,資料集・地図で調べた,
2026/09/29 14:42:49,S26,4,王政復古の大号令で新政府ができたとわかった,ノートに自分でまとめ直した、前に習ったことと結びつけた,
2026/09/29 14:47:05,S27,3,坂本龍馬が仲立ちをしたことが印象に残った,資料集・地図で調べた,
2026/09/29 14:42:05,S28,4,薩長同盟が倒幕のきっかけになったとわかった,ノートに自分でまとめ直した,とくにありません
2026/09/29 14:47:15,S29,5,大政奉還で幕府が政権を返した流れがわかった,先生に質問した,
2026/09/29 14:51:55,S30,3,薩長同盟が倒幕のきっかけになったとわかった,ノートに自分でまとめ直した,
2026/09/30 14:47:33,S01,3,江戸時代の260年を年表で振り返って流れがつながった,前に習ったことと結びつけた,とくにありません
2026/09/30 14:38:06,S02,4,次の明治時代と今日のまとめがつながりそうだと思った,資料集・地図で調べた,今日の内容は現在の沖縄とつながりがありますか
2026/09/30 14:46:33,S03,5,次の明治時代と今日のまとめがつながりそうだと思った,前に習ったことと結びつけた,
2026/09/30 14:46:44,S04,2,改革と外国の接近がからみあって幕府がたおれたとわかったけど自分で説明はまだできない,ノートに自分でまとめ直した,
2026/09/30 14:40:56,S05,3,改革と外国の接近がからみあって幕府がたおれたとわかった,友だちと話して考えた,
2026/09/30 14:39:40,S06,4,改革と外国の接近がからみあって幕府がたおれたとわかった,先生に質問した,
2026/09/30 14:51:02,S07,1,わかりません,どれもしていない,
2026/09/30 14:42:14,S08,4,次の明治時代と今日のまとめがつながりそうだと思った,友だちと話して考えた,とくにありません
2026/09/30 14:48:51,S09,3,単元まとめ: 江戸から明治へをやった,資料集・地図で調べた,
2026/09/30 14:43:41,S10,3,一つの出来事に原因がいくつもあることがわかった,ノートに自分でまとめ直した,
2026/09/30 14:50:54,S11,4,改革と外国の接近がからみあって幕府がたおれたとわかった,友だちと話して考えた,
2026/09/30 14:49:29,S12,3,改革と外国の接近がからみあって幕府がたおれたとわかった,前に習ったことと結びつけた,
2026/09/30 14:42:10,S13,4,一つの出来事に原因がいくつもあることがわかった,先生に質問した,
2026/09/30 14:43:56,S14,3,次の明治時代と今日のまとめがつながりそうだと思った,ノートに自分でまとめ直した,
2026/09/30 14:50:41,S15,5,特にむずかしくなかった,資料集・地図で調べた,
2026/09/30 14:46:49,S16,3,一つの出来事に原因がいくつもあることがわかった,ノートに自分でまとめ直した,
2026/09/30 14:43:44,S17,3,一つの出来事に原因がいくつもあることがわかった,ノートに自分でまとめ直した,
2026/09/30 14:50:34,S18,2,改革と外国の接近がからみあって幕府がたおれたとわかった,ノートに自分でまとめ直した,
2026/09/30 14:41:26,S19,4,改革と外国の接近がからみあって幕府がたおれたとわかった,ノートに自分でまとめ直した,
2026/09/30 14:49:53,S20,3,改革と外国の接近がからみあって幕府がたおれたとわかった,友だちと話して考えた,
2026/09/30 14:52:16,S21,2,次の明治時代と今日のまとめがつながりそうだと思った,前に習ったことと結びつけた,
2026/09/30 14:43:47,S22,5,江戸時代の260年を年表で振り返って流れがつながった,先生に質問した、前に習ったことと結びつけた,
2026/09/30 14:39:56,S23,4,改革と外国の接近がからみあって幕府がたおれたとわかった。家でも動画で調べた,資料集・地図で調べた、前に習ったことと結びつけた,
2026/09/30 14:50:02,S24,3,江戸時代の260年を年表で振り返って流れがつながった,ノートに自分でまとめ直した,
2026/09/30 14:45:20,S25,3,江戸時代の260年を年表で振り返って流れがつながった,資料集・地図で調べた,
2026/09/30 14:38:15,S26,4,一つの出来事に原因がいくつもあることがわかった,ノートに自分でまとめ直した、前に習ったことと結びつけた,
2026/09/30 14:45:05,S27,3,次の明治時代と今日のまとめがつながりそうだと思った,前に習ったことと結びつけた、ノートに自分でまとめ直した,
2026/09/30 14:39:39,S28,3,江戸時代の260年を年表で振り返って流れがつながった,前に習ったことと結びつけた,
2026/09/30 14:45:02,S29,3,改革と外国の接近がからみあって幕府がたおれたとわかった,資料集・地図で調べた,
2026/09/30 14:40:36,S30,4,改革と外国の接近がからみあって幕府がたおれたとわかった,資料集・地図で調べた,
